{
  "generated_utc": "2026-03-15T22:49:44Z",
  "model": "logistic_regression",
  "n_repeats": 20,
  "n_samples": 3202,
  "n_features": 11500,
  "overall_balanced_accuracy_mean": 0.9780054984436861,
  "overall_balanced_accuracy_std": 0.00861299623959798,
  "male_balanced_accuracy_mean": 0.9761875814155451,
  "female_balanced_accuracy_mean": 0.9796176627305385,
  "sex_gap_male_minus_female": -0.0034300813149934495
}
